setting,dataset,pred_len,activation,activation_family,amplitude,frequency,phase,lee_type,features,target,seed,server_id,server_ip,des,mse,mae,rmse,mape,mspe,relative_mse_change,win_against_baseline,run_id,encoder_activation,decoder_activation,output_activation,activation_signature,seq_len,label_len,d_model,n_heads,e_layers,d_layers,d_ff,factor,dropout,attn,embed,batch_size,train_epochs
informer_Solar1_tanh_a0_ftM_sl96_ll48_pl96_dm512_nh8_el2_dl1_df2048_fc5_seed2027_4090-162_phase1_oscillation_forms_solar_4090-162_20260515_033215,Solar1,96,tanh,bounded_sign,0.0,1.0,0.0,1,M,Power,2027,4090-162,10.21.53.162,phase1_oscillation_forms_solar_4090-162_20260515_033215,0.23579079,0.24142054,0.48558295,1.6313108,2714.1616,,,phase1_oscillation_forms_solar_4090-162_20260515_033215,,,,,,,,,,,,,,,,,
informer_Solar1_tanh_sin_a0.01_ftM_sl96_ll48_pl96_dm512_nh8_el2_dl1_df2048_fc5_seed2027_4090-162_phase1_oscillation_forms_solar_4090-162_20260515_033215,Solar1,96,tanh_sin,sin_perturb,0.01,1.0,0.0,1,M,Power,2027,4090-162,10.21.53.162,phase1_oscillation_forms_solar_4090-162_20260515_033215,0.2403188,0.24032764,0.49022323,1.5944105,2334.6853,,,phase1_oscillation_forms_solar_4090-162_20260515_033215,,,,,,,,,,,,,,,,,
informer_Solar1_tanh_sin_a0.1_ftM_sl96_ll48_pl96_dm512_nh8_el2_dl1_df2048_fc5_seed2027_4090-162_phase1_oscillation_forms_solar_4090-162_20260515_033215,Solar1,96,tanh_sin,sin_perturb,0.1,1.0,0.0,1,M,Power,2027,4090-162,10.21.53.162,phase1_oscillation_forms_solar_4090-162_20260515_033215,0.24256675,0.2395834,0.49251065,1.6447121,2796.4487,,,phase1_oscillation_forms_solar_4090-162_20260515_033215,,,,,,,,,,,,,,,,,
informer_Solar1_tanh_cos_a0.01_ftM_sl96_ll48_pl96_dm512_nh8_el2_dl1_df2048_fc5_seed2027_4090-162_phase1_oscillation_forms_solar_4090-162_20260515_033215,Solar1,96,tanh_cos,cos_perturb,0.01,1.0,0.0,1,M,Power,2027,4090-162,10.21.53.162,phase1_oscillation_forms_solar_4090-162_20260515_033215,0.24638604,0.24306388,0.49637288,1.660978,2088.1638,,,phase1_oscillation_forms_solar_4090-162_20260515_033215,,,,,,,,,,,,,,,,,
informer_Solar1_tanh_cos_a0.1_ftM_sl96_ll48_pl96_dm512_nh8_el2_dl1_df2048_fc5_seed2027_4090-162_phase1_oscillation_forms_solar_4090-162_20260515_033215,Solar1,96,tanh_cos,cos_perturb,0.1,1.0,0.0,1,M,Power,2027,4090-162,10.21.53.162,phase1_oscillation_forms_solar_4090-162_20260515_033215,0.2436047,0.24242678,0.49356326,1.6080334,1850.8109,,,phase1_oscillation_forms_solar_4090-162_20260515_033215,,,,,,,,,,,,,,,,,
informer_Solar1_tanh_rand_a0.01_ftM_sl96_ll48_pl96_dm512_nh8_el2_dl1_df2048_fc5_seed2027_4090-162_phase1_oscillation_forms_solar_4090-162_20260515_033215,Solar1,96,tanh_rand,random_osc_perturb,0.01,1.0,0.0,1,M,Power,2027,4090-162,10.21.53.162,phase1_oscillation_forms_solar_4090-162_20260515_033215,0.2439168,0.24373466,0.49387932,1.6235937,2096.7864,,,phase1_oscillation_forms_solar_4090-162_20260515_033215,,,,,,,,,,,,,,,,,
informer_Solar1_tanh_rand_a0.1_ftM_sl96_ll48_pl96_dm512_nh8_el2_dl1_df2048_fc5_seed2027_4090-162_phase1_oscillation_forms_solar_4090-162_20260515_033215,Solar1,96,tanh_rand,random_osc_perturb,0.1,1.0,0.0,1,M,Power,2027,4090-162,10.21.53.162,phase1_oscillation_forms_solar_4090-162_20260515_033215,0.24786806,0.24580728,0.4978635,1.7000324,3746.8218,,,phase1_oscillation_forms_solar_4090-162_20260515_033215,,,,,,,,,,,,,,,,,
informer_Solar1_tanh_a0_ftM_sl96_ll48_pl96_dm512_nh8_el2_dl1_df2048_fc5_seed2028_4090-162_phase1_oscillation_forms_solar_4090-162_20260515_033215,Solar1,96,tanh,bounded_sign,0.0,1.0,0.0,1,M,Power,2028,4090-162,10.21.53.162,phase1_oscillation_forms_solar_4090-162_20260515_033215,0.2567565,0.24548528,0.5067115,1.67529,2196.1597,,,phase1_oscillation_forms_solar_4090-162_20260515_033215,,,,,,,,,,,,,,,,,
informer_Solar1_tanh_sin_a0.01_ftM_sl96_ll48_pl96_dm512_nh8_el2_dl1_df2048_fc5_seed2028_4090-162_phase1_oscillation_forms_solar_4090-162_20260515_033215,Solar1,96,tanh_sin,sin_perturb,0.01,1.0,0.0,1,M,Power,2028,4090-162,10.21.53.162,phase1_oscillation_forms_solar_4090-162_20260515_033215,0.25260526,0.24885161,0.5025985,1.6625012,2045.3812,,,phase1_oscillation_forms_solar_4090-162_20260515_033215,,,,,,,,,,,,,,,,,
informer_Solar1_tanh_sin_a0.1_ftM_sl96_ll48_pl96_dm512_nh8_el2_dl1_df2048_fc5_seed2028_4090-162_phase1_oscillation_forms_solar_4090-162_20260515_033215,Solar1,96,tanh_sin,sin_perturb,0.1,1.0,0.0,1,M,Power,2028,4090-162,10.21.53.162,phase1_oscillation_forms_solar_4090-162_20260515_033215,0.25028008,0.24801901,0.50028,1.6349455,1926.6509,,,phase1_oscillation_forms_solar_4090-162_20260515_033215,,,,,,,,,,,,,,,,,
informer_Solar1_tanh_cos_a0.01_ftM_sl96_ll48_pl96_dm512_nh8_el2_dl1_df2048_fc5_seed2028_4090-162_phase1_oscillation_forms_solar_4090-162_20260515_033215,Solar1,96,tanh_cos,cos_perturb,0.01,1.0,0.0,1,M,Power,2028,4090-162,10.21.53.162,phase1_oscillation_forms_solar_4090-162_20260515_033215,0.24989508,0.24896596,0.49989507,1.6036716,2009.9495,,,phase1_oscillation_forms_solar_4090-162_20260515_033215,,,,,,,,,,,,,,,,,
informer_Solar1_tanh_cos_a0.1_ftM_sl96_ll48_pl96_dm512_nh8_el2_dl1_df2048_fc5_seed2028_4090-162_phase1_oscillation_forms_solar_4090-162_20260515_033215,Solar1,96,tanh_cos,cos_perturb,0.1,1.0,0.0,1,M,Power,2028,4090-162,10.21.53.162,phase1_oscillation_forms_solar_4090-162_20260515_033215,0.25430527,0.24676874,0.5042869,1.5813993,1891.6141,,,phase1_oscillation_forms_solar_4090-162_20260515_033215,,,,,,,,,,,,,,,,,
informer_Solar1_tanh_rand_a0.01_ftM_sl96_ll48_pl96_dm512_nh8_el2_dl1_df2048_fc5_seed2028_4090-162_phase1_oscillation_forms_solar_4090-162_20260515_033215,Solar1,96,tanh_rand,random_osc_perturb,0.01,1.0,0.0,1,M,Power,2028,4090-162,10.21.53.162,phase1_oscillation_forms_solar_4090-162_20260515_033215,0.24900493,0.24677992,0.49900395,1.6315734,1856.639,,,phase1_oscillation_forms_solar_4090-162_20260515_033215,,,,,,,,,,,,,,,,,
informer_Solar1_tanh_rand_a0.1_ftM_sl96_ll48_pl96_dm512_nh8_el2_dl1_df2048_fc5_seed2028_4090-162_phase1_oscillation_forms_solar_4090-162_20260515_033215,Solar1,96,tanh_rand,random_osc_perturb,0.1,1.0,0.0,1,M,Power,2028,4090-162,10.21.53.162,phase1_oscillation_forms_solar_4090-162_20260515_033215,0.25115088,0.24494915,0.50114954,1.6537294,2082.8186,,,phase1_oscillation_forms_solar_4090-162_20260515_033215,,,,,,,,,,,,,,,,,
informer_Solar1_tanh_a0_ftM_sl96_ll48_pl96_dm512_nh8_el2_dl1_df2048_fc5_seed2029_4090-162_phase1_oscillation_forms_solar_4090-162_20260515_033215,Solar1,96,tanh,bounded_sign,0.0,1.0,0.0,1,M,Power,2029,4090-162,10.21.53.162,phase1_oscillation_forms_solar_4090-162_20260515_033215,0.25815433,0.24516945,0.5080889,1.6952596,3348.3145,,,phase1_oscillation_forms_solar_4090-162_20260515_033215,,,,,,,,,,,,,,,,,
informer_Solar1_tanh_sin_a0.01_ftM_sl96_ll48_pl96_dm512_nh8_el2_dl1_df2048_fc5_seed2029_4090-162_phase1_oscillation_forms_solar_4090-162_20260515_033215,Solar1,96,tanh_sin,sin_perturb,0.01,1.0,0.0,1,M,Power,2029,4090-162,10.21.53.162,phase1_oscillation_forms_solar_4090-162_20260515_033215,0.26339558,0.2467617,0.5132208,1.6677026,2150.9292,,,phase1_oscillation_forms_solar_4090-162_20260515_033215,,,,,,,,,,,,,,,,,
informer_Solar1_tanh_sin_a0.1_ftM_sl96_ll48_pl96_dm512_nh8_el2_dl1_df2048_fc5_seed2029_4090-162_phase1_oscillation_forms_solar_4090-162_20260515_033215,Solar1,96,tanh_sin,sin_perturb,0.1,1.0,0.0,1,M,Power,2029,4090-162,10.21.53.162,phase1_oscillation_forms_solar_4090-162_20260515_033215,0.24920467,0.24135722,0.49920404,1.577758,1951.004,,,phase1_oscillation_forms_solar_4090-162_20260515_033215,,,,,,,,,,,,,,,,,
informer_Solar1_tanh_cos_a0.01_ftM_sl96_ll48_pl96_dm512_nh8_el2_dl1_df2048_fc5_seed2029_4090-162_phase1_oscillation_forms_solar_4090-162_20260515_033215,Solar1,96,tanh_cos,cos_perturb,0.01,1.0,0.0,1,M,Power,2029,4090-162,10.21.53.162,phase1_oscillation_forms_solar_4090-162_20260515_033215,0.25802776,0.24550688,0.5079643,1.5074191,1593.5574,,,phase1_oscillation_forms_solar_4090-162_20260515_033215,,,,,,,,,,,,,,,,,
informer_Solar1_tanh_cos_a0.1_ftM_sl96_ll48_pl96_dm512_nh8_el2_dl1_df2048_fc5_seed2029_4090-162_phase1_oscillation_forms_solar_4090-162_20260515_033215,Solar1,96,tanh_cos,cos_perturb,0.1,1.0,0.0,1,M,Power,2029,4090-162,10.21.53.162,phase1_oscillation_forms_solar_4090-162_20260515_033215,0.25806466,0.24565169,0.5080007,1.5890268,2021.041,,,phase1_oscillation_forms_solar_4090-162_20260515_033215,,,,,,,,,,,,,,,,,
informer_Solar1_tanh_rand_a0.01_ftM_sl96_ll48_pl96_dm512_nh8_el2_dl1_df2048_fc5_seed2029_4090-162_phase1_oscillation_forms_solar_4090-162_20260515_033215,Solar1,96,tanh_rand,random_osc_perturb,0.01,1.0,0.0,1,M,Power,2029,4090-162,10.21.53.162,phase1_oscillation_forms_solar_4090-162_20260515_033215,0.25922197,0.24344893,0.50913846,1.7136215,3935.8032,,,phase1_oscillation_forms_solar_4090-162_20260515_033215,,,,,,,,,,,,,,,,,
informer_Solar1_tanh_rand_a0.1_ftM_sl96_ll48_pl96_dm512_nh8_el2_dl1_df2048_fc5_seed2029_4090-162_phase1_oscillation_forms_solar_4090-162_20260515_033215,Solar1,96,tanh_rand,random_osc_perturb,0.1,1.0,0.0,1,M,Power,2029,4090-162,10.21.53.162,phase1_oscillation_forms_solar_4090-162_20260515_033215,0.25960794,0.25375116,0.5095174,1.5696707,2068.9512,,,phase1_oscillation_forms_solar_4090-162_20260515_033215,,,,,,,,,,,,,,,,,
informer_Solar5_tanh_a0_ftM_sl96_ll48_pl96_dm512_nh8_el2_dl1_df2048_fc5_seed2027_4090-162_phase1_oscillation_forms_solar_4090-162_20260515_033215,Solar5,96,tanh,bounded_sign,0.0,1.0,0.0,1,M,Power,2027,4090-162,10.21.53.162,phase1_oscillation_forms_solar_4090-162_20260515_033215,0.20628193,0.24439229,0.4541827,1.5903586,1577.1157,,,phase1_oscillation_forms_solar_4090-162_20260515_033215,,,,,,,,,,,,,,,,,
informer_Solar5_tanh_sin_a0.01_ftM_sl96_ll48_pl96_dm512_nh8_el2_dl1_df2048_fc5_seed2027_4090-162_phase1_oscillation_forms_solar_4090-162_20260515_033215,Solar5,96,tanh_sin,sin_perturb,0.01,1.0,0.0,1,M,Power,2027,4090-162,10.21.53.162,phase1_oscillation_forms_solar_4090-162_20260515_033215,0.20261453,0.24827829,0.45012724,1.5506808,1329.8293,,,phase1_oscillation_forms_solar_4090-162_20260515_033215,,,,,,,,,,,,,,,,,
informer_Solar5_tanh_sin_a0.1_ftM_sl96_ll48_pl96_dm512_nh8_el2_dl1_df2048_fc5_seed2027_4090-162_phase1_oscillation_forms_solar_4090-162_20260515_033215,Solar5,96,tanh_sin,sin_perturb,0.1,1.0,0.0,1,M,Power,2027,4090-162,10.21.53.162,phase1_oscillation_forms_solar_4090-162_20260515_033215,0.19691744,0.24813668,0.4437538,1.6177515,1332.2421,,,phase1_oscillation_forms_solar_4090-162_20260515_033215,,,,,,,,,,,,,,,,,
informer_Solar5_tanh_cos_a0.01_ftM_sl96_ll48_pl96_dm512_nh8_el2_dl1_df2048_fc5_seed2027_4090-162_phase1_oscillation_forms_solar_4090-162_20260515_033215,Solar5,96,tanh_cos,cos_perturb,0.01,1.0,0.0,1,M,Power,2027,4090-162,10.21.53.162,phase1_oscillation_forms_solar_4090-162_20260515_033215,0.20733444,0.24833186,0.4553399,1.6055621,1301.6166,,,phase1_oscillation_forms_solar_4090-162_20260515_033215,,,,,,,,,,,,,,,,,
informer_Solar5_tanh_cos_a0.1_ftM_sl96_ll48_pl96_dm512_nh8_el2_dl1_df2048_fc5_seed2027_4090-162_phase1_oscillation_forms_solar_4090-162_20260515_033215,Solar5,96,tanh_cos,cos_perturb,0.1,1.0,0.0,1,M,Power,2027,4090-162,10.21.53.162,phase1_oscillation_forms_solar_4090-162_20260515_033215,0.19906336,0.24661018,0.44616517,1.6360064,1388.3542,,,phase1_oscillation_forms_solar_4090-162_20260515_033215,,,,,,,,,,,,,,,,,
informer_Solar5_tanh_rand_a0.01_ftM_sl96_ll48_pl96_dm512_nh8_el2_dl1_df2048_fc5_seed2027_4090-162_phase1_oscillation_forms_solar_4090-162_20260515_033215,Solar5,96,tanh_rand,random_osc_perturb,0.01,1.0,0.0,1,M,Power,2027,4090-162,10.21.53.162,phase1_oscillation_forms_solar_4090-162_20260515_033215,0.19401169,0.2397352,0.44046757,1.5280913,1353.1165,,,phase1_oscillation_forms_solar_4090-162_20260515_033215,,,,,,,,,,,,,,,,,
informer_Solar5_tanh_rand_a0.1_ftM_sl96_ll48_pl96_dm512_nh8_el2_dl1_df2048_fc5_seed2027_4090-162_phase1_oscillation_forms_solar_4090-162_20260515_033215,Solar5,96,tanh_rand,random_osc_perturb,0.1,1.0,0.0,1,M,Power,2027,4090-162,10.21.53.162,phase1_oscillation_forms_solar_4090-162_20260515_033215,0.20616107,0.24866827,0.45404962,1.5990826,1438.3646,,,phase1_oscillation_forms_solar_4090-162_20260515_033215,,,,,,,,,,,,,,,,,
informer_Solar5_tanh_a0_ftM_sl96_ll48_pl96_dm512_nh8_el2_dl1_df2048_fc5_seed2028_4090-162_phase1_oscillation_forms_solar_4090-162_20260515_033215,Solar5,96,tanh,bounded_sign,0.0,1.0,0.0,1,M,Power,2028,4090-162,10.21.53.162,phase1_oscillation_forms_solar_4090-162_20260515_033215,0.20658195,0.24082036,0.45451286,1.5616783,1368.2316,,,phase1_oscillation_forms_solar_4090-162_20260515_033215,,,,,,,,,,,,,,,,,
informer_Solar5_tanh_sin_a0.01_ftM_sl96_ll48_pl96_dm512_nh8_el2_dl1_df2048_fc5_seed2028_4090-162_phase1_oscillation_forms_solar_4090-162_20260515_033215,Solar5,96,tanh_sin,sin_perturb,0.01,1.0,0.0,1,M,Power,2028,4090-162,10.21.53.162,phase1_oscillation_forms_solar_4090-162_20260515_033215,0.20581064,0.24305096,0.45366356,1.628413,1435.6027,,,phase1_oscillation_forms_solar_4090-162_20260515_033215,,,,,,,,,,,,,,,,,
informer_Solar5_tanh_sin_a0.1_ftM_sl96_ll48_pl96_dm512_nh8_el2_dl1_df2048_fc5_seed2028_4090-162_phase1_oscillation_forms_solar_4090-162_20260515_033215,Solar5,96,tanh_sin,sin_perturb,0.1,1.0,0.0,1,M,Power,2028,4090-162,10.21.53.162,phase1_oscillation_forms_solar_4090-162_20260515_033215,0.21400577,0.24881466,0.46260756,1.5591847,1156.596,,,phase1_oscillation_forms_solar_4090-162_20260515_033215,,,,,,,,,,,,,,,,,
informer_Solar5_tanh_cos_a0.01_ftM_sl96_ll48_pl96_dm512_nh8_el2_dl1_df2048_fc5_seed2028_4090-162_phase1_oscillation_forms_solar_4090-162_20260515_033215,Solar5,96,tanh_cos,cos_perturb,0.01,1.0,0.0,1,M,Power,2028,4090-162,10.21.53.162,phase1_oscillation_forms_solar_4090-162_20260515_033215,0.20668137,0.2422395,0.45462224,1.6358463,1676.0851,,,phase1_oscillation_forms_solar_4090-162_20260515_033215,,,,,,,,,,,,,,,,,
informer_Solar5_tanh_cos_a0.1_ftM_sl96_ll48_pl96_dm512_nh8_el2_dl1_df2048_fc5_seed2028_4090-162_phase1_oscillation_forms_solar_4090-162_20260515_033215,Solar5,96,tanh_cos,cos_perturb,0.1,1.0,0.0,1,M,Power,2028,4090-162,10.21.53.162,phase1_oscillation_forms_solar_4090-162_20260515_033215,0.20559157,0.24250208,0.45342207,1.5932301,1179.9744,,,phase1_oscillation_forms_solar_4090-162_20260515_033215,,,,,,,,,,,,,,,,,
informer_Solar5_tanh_rand_a0.01_ftM_sl96_ll48_pl96_dm512_nh8_el2_dl1_df2048_fc5_seed2028_4090-162_phase1_oscillation_forms_solar_4090-162_20260515_033215,Solar5,96,tanh_rand,random_osc_perturb,0.01,1.0,0.0,1,M,Power,2028,4090-162,10.21.53.162,phase1_oscillation_forms_solar_4090-162_20260515_033215,0.20903508,0.24449885,0.45720354,1.6015655,1374.9839,,,phase1_oscillation_forms_solar_4090-162_20260515_033215,,,,,,,,,,,,,,,,,
informer_Solar5_tanh_rand_a0.1_ftM_sl96_ll48_pl96_dm512_nh8_el2_dl1_df2048_fc5_seed2028_4090-162_phase1_oscillation_forms_solar_4090-162_20260515_033215,Solar5,96,tanh_rand,random_osc_perturb,0.1,1.0,0.0,1,M,Power,2028,4090-162,10.21.53.162,phase1_oscillation_forms_solar_4090-162_20260515_033215,0.21987109,0.251065,0.46890414,1.6726692,1535.6399,,,phase1_oscillation_forms_solar_4090-162_20260515_033215,,,,,,,,,,,,,,,,,
informer_Solar5_tanh_a0_ftM_sl96_ll48_pl96_dm512_nh8_el2_dl1_df2048_fc5_seed2029_4090-162_phase1_oscillation_forms_solar_4090-162_20260515_033215,Solar5,96,tanh,bounded_sign,0.0,1.0,0.0,1,M,Power,2029,4090-162,10.21.53.162,phase1_oscillation_forms_solar_4090-162_20260515_033215,0.20881559,0.25166646,0.45696345,1.7194777,1499.5974,,,phase1_oscillation_forms_solar_4090-162_20260515_033215,,,,,,,,,,,,,,,,,
informer_Solar5_tanh_sin_a0.01_ftM_sl96_ll48_pl96_dm512_nh8_el2_dl1_df2048_fc5_seed2029_4090-162_phase1_oscillation_forms_solar_4090-162_20260515_033215,Solar5,96,tanh_sin,sin_perturb,0.01,1.0,0.0,1,M,Power,2029,4090-162,10.21.53.162,phase1_oscillation_forms_solar_4090-162_20260515_033215,0.20618895,0.24897118,0.45408034,1.7296995,1569.6757,,,phase1_oscillation_forms_solar_4090-162_20260515_033215,,,,,,,,,,,,,,,,,
informer_Solar5_tanh_sin_a0.1_ftM_sl96_ll48_pl96_dm512_nh8_el2_dl1_df2048_fc5_seed2029_4090-162_phase1_oscillation_forms_solar_4090-162_20260515_033215,Solar5,96,tanh_sin,sin_perturb,0.1,1.0,0.0,1,M,Power,2029,4090-162,10.21.53.162,phase1_oscillation_forms_solar_4090-162_20260515_033215,0.21509643,0.25262952,0.4637849,1.6844448,1421.6652,,,phase1_oscillation_forms_solar_4090-162_20260515_033215,,,,,,,,,,,,,,,,,
informer_Solar5_tanh_cos_a0.01_ftM_sl96_ll48_pl96_dm512_nh8_el2_dl1_df2048_fc5_seed2029_4090-162_phase1_oscillation_forms_solar_4090-162_20260515_033215,Solar5,96,tanh_cos,cos_perturb,0.01,1.0,0.0,1,M,Power,2029,4090-162,10.21.53.162,phase1_oscillation_forms_solar_4090-162_20260515_033215,0.20042881,0.24525124,0.44769278,1.7059639,1455.9049,,,phase1_oscillation_forms_solar_4090-162_20260515_033215,,,,,,,,,,,,,,,,,
informer_Solar5_tanh_cos_a0.1_ftM_sl96_ll48_pl96_dm512_nh8_el2_dl1_df2048_fc5_seed2029_4090-162_phase1_oscillation_forms_solar_4090-162_20260515_033215,Solar5,96,tanh_cos,cos_perturb,0.1,1.0,0.0,1,M,Power,2029,4090-162,10.21.53.162,phase1_oscillation_forms_solar_4090-162_20260515_033215,0.2035232,0.24894646,0.45113546,1.6827185,1431.5582,,,phase1_oscillation_forms_solar_4090-162_20260515_033215,,,,,,,,,,,,,,,,,
informer_Solar5_tanh_rand_a0.01_ftM_sl96_ll48_pl96_dm512_nh8_el2_dl1_df2048_fc5_seed2029_4090-162_phase1_oscillation_forms_solar_4090-162_20260515_033215,Solar5,96,tanh_rand,random_osc_perturb,0.01,1.0,0.0,1,M,Power,2029,4090-162,10.21.53.162,phase1_oscillation_forms_solar_4090-162_20260515_033215,0.19940443,0.24541481,0.44654724,1.6444057,1288.6326,,,phase1_oscillation_forms_solar_4090-162_20260515_033215,,,,,,,,,,,,,,,,,
informer_Solar5_tanh_rand_a0.1_ftM_sl96_ll48_pl96_dm512_nh8_el2_dl1_df2048_fc5_seed2029_4090-162_phase1_oscillation_forms_solar_4090-162_20260515_033215,Solar5,96,tanh_rand,random_osc_perturb,0.1,1.0,0.0,1,M,Power,2029,4090-162,10.21.53.162,phase1_oscillation_forms_solar_4090-162_20260515_033215,0.20885496,0.24854907,0.4570065,1.7171097,1427.774,,,phase1_oscillation_forms_solar_4090-162_20260515_033215,,,,,,,,,,,,,,,,,
informer_Solar5_gelu_a0_ftM_sl96_ll48_pl24_dm512_nh8_el2_dl1_df2048_fc5_seed2024_4090-162-layer_phase1_layer_activation_probe_20260516_152901,Solar5,24,gelu,baseline,0.0,1.0,0.0,1,M,Power,2024,4090-162-layer,10.21.53.162,phase1_layer_activation_probe_20260516_152901,0.12742634,0.1796178,0.35696825,1.1212895,423.10025,,,20260516_152901,gelu,gelu,linear,act=gelu|enc=gelu|dec=gelu|out=linear|a=0|lee=1,,,,,,,,,,,,,
informer_Solar5_tanh_a0_ftM_sl96_ll48_pl24_dm512_nh8_el2_dl1_df2048_fc5_seed2024_4090-162-layer_phase1_layer_activation_probe_20260516_152901,Solar5,24,tanh,bounded_sign,0.0,1.0,0.0,1,M,Power,2024,4090-162-layer,10.21.53.162,phase1_layer_activation_probe_20260516_152901,0.11082751,0.17017496,0.33290768,1.0194426,410.3317,,,20260516_152901,tanh,tanh,linear,act=tanh|enc=tanh|dec=tanh|out=linear|a=0|lee=1,,,,,,,,,,,,,
informer_Solar5_gelu_a0_enctanh_decgelu_outlinear_ftM_sl96_ll48_pl24_dm512_nh8_el2_dl1_df2048_fc5_seed2024_4090-162-layer_phase1_layer_activation_probe_20260516_152901,Solar5,24,gelu,baseline,0.0,1.0,0.0,1,M,Power,2024,4090-162-layer,10.21.53.162,phase1_layer_activation_probe_20260516_152901,0.113729045,0.1689637,0.33723736,0.99864656,346.95856,,,20260516_152901,tanh,gelu,linear,act=gelu|enc=tanh|dec=gelu|out=linear|a=0|lee=1,,,,,,,,,,,,,
informer_Solar5_gelu_a0_encgelu_dectanh_outlinear_ftM_sl96_ll48_pl24_dm512_nh8_el2_dl1_df2048_fc5_seed2024_4090-162-layer_phase1_layer_activation_probe_20260516_152901,Solar5,24,gelu,baseline,0.0,1.0,0.0,1,M,Power,2024,4090-162-layer,10.21.53.162,phase1_layer_activation_probe_20260516_152901,0.12752226,0.18494305,0.3571026,1.1217104,477.39902,,,20260516_152901,gelu,tanh,linear,act=gelu|enc=gelu|dec=tanh|out=linear|a=0|lee=1,,,,,,,,,,,,,
informer_Solar5_tanh_a0_enctanh_dectanh_outtanh_ftM_sl96_ll48_pl24_dm512_nh8_el2_dl1_df2048_fc5_seed2024_4090-162-layer_phase1_layer_activation_probe_20260516_152901,Solar5,24,tanh,bounded_sign,0.0,1.0,0.0,1,M,Power,2024,4090-162-layer,10.21.53.162,phase1_layer_activation_probe_20260516_152901,0.22640274,0.2509467,0.47581798,0.9871469,351.65866,,,20260516_152901,tanh,tanh,tanh,act=tanh|enc=tanh|dec=tanh|out=tanh|a=0|lee=1,,,,,,,,,,,,,
informer_Solar5_tanh_sin_a0.01_ftM_sl96_ll48_pl24_dm512_nh8_el2_dl1_df2048_fc5_seed2024_4090-162-layer_phase1_layer_activation_probe_20260516_152901,Solar5,24,tanh_sin,sin_perturb,0.01,1.0,0.0,1,M,Power,2024,4090-162-layer,10.21.53.162,phase1_layer_activation_probe_20260516_152901,0.11668449,0.17644075,0.34159112,0.9493314,262.6632,,,20260516_152901,tanh_sin,tanh_sin,linear,act=tanh_sin|enc=tanh_sin|dec=tanh_sin|out=linear|a=0.01|lee=1,,,,,,,,,,,,,
informer_Solar5_gelu_a0_ftM_sl96_ll48_pl24_dm512_nh8_el2_dl1_df2048_fc5_seed2025_4090-162-layer_phase1_layer_activation_probe_20260516_152901,Solar5,24,gelu,baseline,0.0,1.0,0.0,1,M,Power,2025,4090-162-layer,10.21.53.162,phase1_layer_activation_probe_20260516_152901,0.12560967,0.17881614,0.35441455,1.0308483,288.8162,,,20260516_152901,gelu,gelu,linear,act=gelu|enc=gelu|dec=gelu|out=linear|a=0|lee=1,,,,,,,,,,,,,
informer_Solar5_tanh_a0_ftM_sl96_ll48_pl24_dm512_nh8_el2_dl1_df2048_fc5_seed2025_4090-162-layer_phase1_layer_activation_probe_20260516_152901,Solar5,24,tanh,bounded_sign,0.0,1.0,0.0,1,M,Power,2025,4090-162-layer,10.21.53.162,phase1_layer_activation_probe_20260516_152901,0.11644844,0.17825232,0.3412454,1.041446,487.032,,,20260516_152901,tanh,tanh,linear,act=tanh|enc=tanh|dec=tanh|out=linear|a=0|lee=1,,,,,,,,,,,,,
informer_Solar5_gelu_a0_enctanh_decgelu_outlinear_ftM_sl96_ll48_pl24_dm512_nh8_el2_dl1_df2048_fc5_seed2025_4090-162-layer_phase1_layer_activation_probe_20260516_152901,Solar5,24,gelu,baseline,0.0,1.0,0.0,1,M,Power,2025,4090-162-layer,10.21.53.162,phase1_layer_activation_probe_20260516_152901,0.114472374,0.16992643,0.33833766,1.070669,487.8852,,,20260516_152901,tanh,gelu,linear,act=gelu|enc=tanh|dec=gelu|out=linear|a=0|lee=1,,,,,,,,,,,,,
informer_Solar5_gelu_a0_encgelu_dectanh_outlinear_ftM_sl96_ll48_pl24_dm512_nh8_el2_dl1_df2048_fc5_seed2025_4090-162-layer_phase1_layer_activation_probe_20260516_152901,Solar5,24,gelu,baseline,0.0,1.0,0.0,1,M,Power,2025,4090-162-layer,10.21.53.162,phase1_layer_activation_probe_20260516_152901,0.12125156,0.18330583,0.34821194,1.0850563,508.7678,,,20260516_152901,gelu,tanh,linear,act=gelu|enc=gelu|dec=tanh|out=linear|a=0|lee=1,,,,,,,,,,,,,
informer_Solar5_tanh_a0_enctanh_dectanh_outtanh_ftM_sl96_ll48_pl24_dm512_nh8_el2_dl1_df2048_fc5_seed2025_4090-162-layer_phase1_layer_activation_probe_20260516_152901,Solar5,24,tanh,bounded_sign,0.0,1.0,0.0,1,M,Power,2025,4090-162-layer,10.21.53.162,phase1_layer_activation_probe_20260516_152901,0.23057334,0.2560355,0.48018053,1.0956085,522.4031,,,20260516_152901,tanh,tanh,tanh,act=tanh|enc=tanh|dec=tanh|out=tanh|a=0|lee=1,,,,,,,,,,,,,
informer_Solar5_tanh_sin_a0.01_ftM_sl96_ll48_pl24_dm512_nh8_el2_dl1_df2048_fc5_seed2025_4090-162-layer_phase1_layer_activation_probe_20260516_152901,Solar5,24,tanh_sin,sin_perturb,0.01,1.0,0.0,1,M,Power,2025,4090-162-layer,10.21.53.162,phase1_layer_activation_probe_20260516_152901,0.11775817,0.17172825,0.3431591,1.1300584,544.29095,,,20260516_152901,tanh_sin,tanh_sin,linear,act=tanh_sin|enc=tanh_sin|dec=tanh_sin|out=linear|a=0.01|lee=1,,,,,,,,,,,,,
informer_Solar5_gelu_a0_ftM_sl96_ll48_pl24_dm512_nh8_el2_dl1_df2048_fc5_seed2026_4090-162-layer_phase1_layer_activation_probe_20260516_152901,Solar5,24,gelu,baseline,0.0,1.0,0.0,1,M,Power,2026,4090-162-layer,10.21.53.162,phase1_layer_activation_probe_20260516_152901,0.12124722,0.1709432,0.34820572,1.1606976,774.9733,,,20260516_152901,gelu,gelu,linear,act=gelu|enc=gelu|dec=gelu|out=linear|a=0|lee=1,,,,,,,,,,,,,
informer_Solar5_tanh_a0_ftM_sl96_ll48_pl24_dm512_nh8_el2_dl1_df2048_fc5_seed2026_4090-162-layer_phase1_layer_activation_probe_20260516_152901,Solar5,24,tanh,bounded_sign,0.0,1.0,0.0,1,M,Power,2026,4090-162-layer,10.21.53.162,phase1_layer_activation_probe_20260516_152901,0.1184208,0.17339626,0.34412324,1.0608126,515.2271,,,20260516_152901,tanh,tanh,linear,act=tanh|enc=tanh|dec=tanh|out=linear|a=0|lee=1,,,,,,,,,,,,,
informer_Solar5_gelu_a0_enctanh_decgelu_outlinear_ftM_sl96_ll48_pl24_dm512_nh8_el2_dl1_df2048_fc5_seed2026_4090-162-layer_phase1_layer_activation_probe_20260516_152901,Solar5,24,gelu,baseline,0.0,1.0,0.0,1,M,Power,2026,4090-162-layer,10.21.53.162,phase1_layer_activation_probe_20260516_152901,0.11423064,0.16893667,0.33798024,1.0639617,448.53494,,,20260516_152901,tanh,gelu,linear,act=gelu|enc=tanh|dec=gelu|out=linear|a=0|lee=1,,,,,,,,,,,,,
informer_Solar5_gelu_a0_encgelu_dectanh_outlinear_ftM_sl96_ll48_pl24_dm512_nh8_el2_dl1_df2048_fc5_seed2026_4090-162-layer_phase1_layer_activation_probe_20260516_152901,Solar5,24,gelu,baseline,0.0,1.0,0.0,1,M,Power,2026,4090-162-layer,10.21.53.162,phase1_layer_activation_probe_20260516_152901,0.120965175,0.1743556,0.3478005,1.1653981,830.266,,,20260516_152901,gelu,tanh,linear,act=gelu|enc=gelu|dec=tanh|out=linear|a=0|lee=1,,,,,,,,,,,,,
informer_Solar5_tanh_a0_enctanh_dectanh_outtanh_ftM_sl96_ll48_pl24_dm512_nh8_el2_dl1_df2048_fc5_seed2026_4090-162-layer_phase1_layer_activation_probe_20260516_152901,Solar5,24,tanh,bounded_sign,0.0,1.0,0.0,1,M,Power,2026,4090-162-layer,10.21.53.162,phase1_layer_activation_probe_20260516_152901,0.23044898,0.25374883,0.480051,1.0399842,469.5543,,,20260516_152901,tanh,tanh,tanh,act=tanh|enc=tanh|dec=tanh|out=tanh|a=0|lee=1,,,,,,,,,,,,,
informer_Solar5_tanh_sin_a0.01_ftM_sl96_ll48_pl24_dm512_nh8_el2_dl1_df2048_fc5_seed2026_4090-162-layer_phase1_layer_activation_probe_20260516_152901,Solar5,24,tanh_sin,sin_perturb,0.01,1.0,0.0,1,M,Power,2026,4090-162-layer,10.21.53.162,phase1_layer_activation_probe_20260516_152901,0.1168154,0.17131338,0.3417827,1.118103,693.86896,,,20260516_152901,tanh_sin,tanh_sin,linear,act=tanh_sin|enc=tanh_sin|dec=tanh_sin|out=linear|a=0.01|lee=1,,,,,,,,,,,,,
informer_Solar1_gelu_a0_ftM_sl96_ll48_pl24_dm512_nh8_el2_dl1_df2048_fc5_seed2024_ubuntu-ThinkStation-P3-Tower_phase2_solar_act_fix_20260516_190650_solar_core_gelu_all,Solar1,24,gelu,baseline,0.0,1.0,0.0,1,M,Power,2024,ubuntu-ThinkStation-P3-Tower,unknown,phase2_solar_act_fix_20260516_190650_solar_core_gelu_all,0.1594434,0.16518077,0.39930364,1.098761,876.33,,,phase2_solar_act_fix_20260516_190650,gelu,gelu,linear,act=gelu|enc=gelu|dec=gelu|out=linear|a=0|lee=1,,,,,,,,,,,,,
informer_Solar1_tanh_a0_ftM_sl96_ll48_pl24_dm512_nh8_el2_dl1_df2048_fc5_seed2024_ubuntu-ThinkStation-P3-Tower_phase2_solar_act_fix_20260516_190650_solar_core_tanh_all,Solar1,24,tanh,bounded_sign,0.0,1.0,0.0,1,M,Power,2024,ubuntu-ThinkStation-P3-Tower,unknown,phase2_solar_act_fix_20260516_190650_solar_core_tanh_all,0.15851264,0.16865541,0.39813647,1.2349896,2177.301,,,phase2_solar_act_fix_20260516_190650,tanh,tanh,linear,act=tanh|enc=tanh|dec=tanh|out=linear|a=0|lee=1,,,,,,,,,,,,,
informer_Solar1_softsign_a0_ftM_sl96_ll48_pl24_dm512_nh8_el2_dl1_df2048_fc5_seed2024_ubuntu-ThinkStation-P3-Tower_phase2_solar_act_fix_20260516_190650_solar_core_softsign_all,Solar1,24,softsign,bounded_sign,0.0,1.0,0.0,1,M,Power,2024,ubuntu-ThinkStation-P3-Tower,unknown,phase2_solar_act_fix_20260516_190650_solar_core_softsign_all,0.15364648,0.1711196,0.39197767,1.1750262,1440.8207,,,phase2_solar_act_fix_20260516_190650,softsign,softsign,linear,act=softsign|enc=softsign|dec=softsign|out=linear|a=0|lee=1,96,48,512,8,2,1,2048,5,0.05,prob,timeF,32,6
informer_Solar1_lee_a0_lee1_ftM_sl96_ll48_pl24_dm512_nh8_el2_dl1_df2048_fc5_seed2024_ubuntu-ThinkStation-P3-Tower_phase2_solar_act_fix_20260516_190650_solar_core_lee1_all,Solar1,24,lee,lee_oc,0.0,1.0,0.0,1,M,Power,2024,ubuntu-ThinkStation-P3-Tower,unknown,phase2_solar_act_fix_20260516_190650_solar_core_lee1_all,0.15587838,0.17185234,0.39481437,1.2010415,1494.9585,,,phase2_solar_act_fix_20260516_190650,lee,lee,linear,act=lee|enc=lee|dec=lee|out=linear|a=0|lee=1,96,48,512,8,2,1,2048,5,0.05,prob,timeF,32,6
informer_Solar1_lee_a0_lee3_ftM_sl96_ll48_pl24_dm512_nh8_el2_dl1_df2048_fc5_seed2024_ubuntu-ThinkStation-P3-Tower_phase2_solar_act_fix_20260516_190650_solar_core_lee3_all,Solar1,24,lee,lee_oc,0.0,1.0,0.0,3,M,Power,2024,ubuntu-ThinkStation-P3-Tower,unknown,phase2_solar_act_fix_20260516_190650_solar_core_lee3_all,0.1614384,0.18987444,0.401794,1.5015603,4617.3496,,,phase2_solar_act_fix_20260516_190650,lee,lee,linear,act=lee|enc=lee|dec=lee|out=linear|a=0|lee=3,96,48,512,8,2,1,2048,5,0.05,prob,timeF,32,6
informer_Solar1_gelu_a0_ftM_sl96_ll48_pl24_dm512_nh8_el2_dl1_df2048_fc5_seed2025_ubuntu-ThinkStation-P3-Tower_phase2_solar_act_fix_20260516_190650_solar_core_gelu_all,Solar1,24,gelu,baseline,0.0,1.0,0.0,1,M,Power,2025,ubuntu-ThinkStation-P3-Tower,unknown,phase2_solar_act_fix_20260516_190650_solar_core_gelu_all,0.15371636,0.16090518,0.39206678,1.1024251,1263.6276,,,phase2_solar_act_fix_20260516_190650,gelu,gelu,linear,act=gelu|enc=gelu|dec=gelu|out=linear|a=0|lee=1,96,48,512,8,2,1,2048,5,0.05,prob,timeF,32,6
informer_Solar1_tanh_a0_ftM_sl96_ll48_pl24_dm512_nh8_el2_dl1_df2048_fc5_seed2025_ubuntu-ThinkStation-P3-Tower_phase2_solar_act_fix_20260516_190650_solar_core_tanh_all,Solar1,24,tanh,bounded_sign,0.0,1.0,0.0,1,M,Power,2025,ubuntu-ThinkStation-P3-Tower,unknown,phase2_solar_act_fix_20260516_190650_solar_core_tanh_all,0.15686966,0.17180395,0.39606774,1.1763955,1351.8192,,,phase2_solar_act_fix_20260516_190650,tanh,tanh,linear,act=tanh|enc=tanh|dec=tanh|out=linear|a=0|lee=1,96,48,512,8,2,1,2048,5,0.05,prob,timeF,32,6
informer_Solar1_softsign_a0_ftM_sl96_ll48_pl24_dm512_nh8_el2_dl1_df2048_fc5_seed2025_ubuntu-ThinkStation-P3-Tower_phase2_solar_act_fix_20260516_190650_solar_core_softsign_all,Solar1,24,softsign,bounded_sign,0.0,1.0,0.0,1,M,Power,2025,ubuntu-ThinkStation-P3-Tower,unknown,phase2_solar_act_fix_20260516_190650_solar_core_softsign_all,0.15991691,0.17458743,0.39989612,1.2508004,2045.3901,,,phase2_solar_act_fix_20260516_190650,softsign,softsign,linear,act=softsign|enc=softsign|dec=softsign|out=linear|a=0|lee=1,96,48,512,8,2,1,2048,5,0.05,prob,timeF,32,6
informer_Solar1_lee_a0_lee1_ftM_sl96_ll48_pl24_dm512_nh8_el2_dl1_df2048_fc5_seed2025_ubuntu-ThinkStation-P3-Tower_phase2_solar_act_fix_20260516_190650_solar_core_lee1_all,Solar1,24,lee,lee_oc,0.0,1.0,0.0,1,M,Power,2025,ubuntu-ThinkStation-P3-Tower,unknown,phase2_solar_act_fix_20260516_190650_solar_core_lee1_all,0.15335883,0.16864754,0.39161056,1.1992072,1544.9313,,,phase2_solar_act_fix_20260516_190650,lee,lee,linear,act=lee|enc=lee|dec=lee|out=linear|a=0|lee=1,96,48,512,8,2,1,2048,5,0.05,prob,timeF,32,6
